{
  "project_info": {
    "project_number": "479882132969",
    "firebase_url": "https://my-flutter-proj.firebaseio.com",
    "project_id": "my-flutter-proj",
    "storage_bucket": "my-flutter-proj.appspot.com"
  },
  "client": [
    {
      "client_info": {
        "mobilesdk_app_id": "1:479882132969:android:215a22700e1b466b",
        "android_client_info": {
          "package_name": "io.flutter.plugins.firebaseperformanceexample"
        }
      },
      "oauth_client": [
        {
          "client_id": "479882132969-8h4kiv8m7ho4tvn6uuujsfcrf69unuf7.apps.googleusercontent.com",
          "client_type": 1,
          "android_info": {
            "package_name": "io.flutter.plugins.firebaseperformanceexample",
            "certificate_hash": "e733b7a303250b63e06de6f7c9767c517d69cfa0"
          }
        },
        {
          "client_id": "479882132969-0d20fkjtr1p8evfomfkf3vmi50uajml2.apps.googleusercontent.com",
          "client_type": 3
        }
      ],
      "api_key": [
        {
          "current_key": "AIzaSyCrZz9T0Pg0rDnpxfNuPBrOxGhXskfebXs"
        }
      ],
      "services": {
        "analytics_service": {
          "status": 1
        },
        "appinvite_service": {
          "status": 2,
          "other_platform_oauth_client": [
            {
              "client_id": "479882132969-3nf0of470m8do5qa83e8tiivv7e1thq1.apps.googleusercontent.com",
              "client_type": 2,
              "ios_info": {
                "bundle_id": "io.flutter.plugins.firebasePerfExample"
              }
            },
            {
              "client_id": "479882132969-0d20fkjtr1p8evfomfkf3vmi50uajml2.apps.googleusercontent.com",
              "client_type": 3
            }
          ]
        },
        "ads_service": {
          "status": 2
        }
      }
    }
  ],
  "configuration_version": "1"
}