{
  "project_info": {
    "project_number": "159623150305",
    "firebase_url": "https://flutter-firebase-plugins.firebaseio.com",
    "project_id": "flutter-firebase-plugins",
    "storage_bucket": "flutter-firebase-plugins.appspot.com"
  },
  "client": [
    {
      "client_info": {
        "mobilesdk_app_id": "1:159623150305:android:236f9daea101f77e",
        "android_client_info": {
          "package_name": "io.flutter.plugins.firebase.firestoreexample"
        }
      },
      "oauth_client": [
        {
          "client_id": "159623150305-q05bbbtsutr02abhips3suj7hujfk4bg.apps.googleusercontent.com",
          "client_type": 3
        }
      ],
      "api_key": [
        {
          "current_key": "AIzaSyChk3KEG7QYrs4kQPLP1tjJNxBTbfCAdgg"
        }
      ],
      "services": {
        "analytics_service": {
          "status": 1
        },
        "appinvite_service": {
          "status": 1,
          "other_platform_oauth_client": []
        },
        "ads_service": {
          "status": 2
        }
      }
    }
  ],
  "configuration_version": "1"
}
