{
  "project_info": {
    "project_number": "22422828327",
    "firebase_url": "https://flutter-plugins-analytics.firebaseio.com",
    "project_id": "flutter-plugins-analytics",
    "storage_bucket": "flutter-plugins-analytics.appspot.com"
  },
  "client": [
    {
      "client_info": {
        "mobilesdk_app_id": "1:22422828327:android:72a6b73c96532099",
        "android_client_info": {
          "package_name": "io.flutter.plugins.firebaseanalyticsexample"
        }
      },
      "oauth_client": [
        {
          "client_id": "22422828327-i4s5s21mag6441kkl7l4sbp5ti3frbb3.apps.googleusercontent.com",
          "client_type": 1,
          "android_info": {
            "package_name": "io.flutter.plugins.firebaseanalyticsexample",
            "certificate_hash": "f8323ac5fe6e7adc1ddc5612e16b5d04d7f1358b"
          }
        },
        {
          "client_id": "22422828327-a63cmhasfhmvjckqkpe6ktkl953nf36f.apps.googleusercontent.com",
          "client_type": 3
        }
      ],
      "api_key": [
        {
          "current_key": "AIzaSyDc6IWV13gfkOanJWSXwdmVzi8-E7qKrlo"
        }
      ],
      "services": {
        "analytics_service": {
          "status": 1
        },
        "appinvite_service": {
          "status": 2,
          "other_platform_oauth_client": [
            {
              "client_id": "22422828327-a63cmhasfhmvjckqkpe6ktkl953nf36f.apps.googleusercontent.com",
              "client_type": 3
            }
          ]
        },
        "ads_service": {
          "status": 2
        }
      }
    }
  ],
  "configuration_version": "1"
}