{
  "project_info": {
    "project_number": "297855924061",
    "firebase_url": "https://flutterfire-cd2f7.firebaseio.com",
    "project_id": "flutterfire-cd2f7",
    "storage_bucket": "flutterfire-cd2f7.appspot.com"
  },
  "client": [
    {
      "client_info": {
        "mobilesdk_app_id": "1:297855924061:android:669871c998cc21bd",
        "android_client_info": {
          "package_name": "com.yourcompany.firebaseauth.example"
        }
      },
      "oauth_client": [
        {
          "client_id": "297855924061-r1u58cnh4p6l1ghpkteil46erlkfll62.apps.googleusercontent.com",
          "client_type": 1,
          "android_info": {
            "package_name": "com.yourcompany.firebaseauth.example",
            "certificate_hash": "c3adef7e7773e40e777d5c236dbba7461cbea5f0"
          }
        },
        {
          "client_id": "297855924061-col4in4uubarifm60nbq8id01ec3ss4c.apps.googleusercontent.com",
          "client_type": 1,
          "android_info": {
            "package_name": "com.yourcompany.firebaseauth.example",
            "certificate_hash": "8a4e194f5bfc3fb1075e7daae8dcddd526fde207"
          }
        },
        {
          "client_id": "297855924061-f68m5v860ms5faiotn5mv9f50cmpacdq.apps.googleusercontent.com",
          "client_type": 3
        }
      ],
      "api_key": [
        {
          "current_key": "AIzaSyD_shO5mfO9lhy2TVWhfo1VUmARKlG4suk"
        }
      ],
      "services": {
        "analytics_service": {
          "status": 1
        },
        "appinvite_service": {
          "status": 2,
          "other_platform_oauth_client": [
            {
              "client_id": "297855924061-f68m5v860ms5faiotn5mv9f50cmpacdq.apps.googleusercontent.com",
              "client_type": 3
            },
            {
              "client_id": "297855924061-kb5qcr80u5irm12sbkppfts5shui45rv.apps.googleusercontent.com",
              "client_type": 2,
              "ios_info": {
                "bundle_id": "io.flutter.plugins.firebase.functions.firebaseFunctionsExample"
              }
            }
          ]
        },
        "ads_service": {
          "status": 2
        }
      }
    },
    {
      "client_info": {
        "mobilesdk_app_id": "1:297855924061:android:7521d73664dc56fc",
        "android_client_info": {
          "package_name": "io.flutter.plugins.firebase.cloudfunctions.cloudfunctionsexample"
        }
      },
      "oauth_client": [
        {
          "client_id": "297855924061-f68m5v860ms5faiotn5mv9f50cmpacdq.apps.googleusercontent.com",
          "client_type": 3
        }
      ],
      "api_key": [
        {
          "current_key": "AIzaSyD_shO5mfO9lhy2TVWhfo1VUmARKlG4suk"
        }
      ],
      "services": {
        "analytics_service": {
          "status": 1
        },
        "appinvite_service": {
          "status": 1,
          "other_platform_oauth_client": []
        },
        "ads_service": {
          "status": 2
        }
      }
    },
    {
      "client_info": {
        "mobilesdk_app_id": "1:297855924061:android:6ef94ae486218531",
        "android_client_info": {
          "package_name": "io.flutter.plugins.firebase.firebaseremoteconfigexample"
        }
      },
      "oauth_client": [
        {
          "client_id": "297855924061-f68m5v860ms5faiotn5mv9f50cmpacdq.apps.googleusercontent.com",
          "client_type": 3
        }
      ],
      "api_key": [
        {
          "current_key": "AIzaSyD_shO5mfO9lhy2TVWhfo1VUmARKlG4suk"
        }
      ],
      "services": {
        "analytics_service": {
          "status": 1
        },
        "appinvite_service": {
          "status": 1,
          "other_platform_oauth_client": []
        },
        "ads_service": {
          "status": 2
        }
      }
    },
    {
      "client_info": {
        "mobilesdk_app_id": "1:297855924061:android:236f9daea101f77e",
        "android_client_info": {
          "package_name": "io.flutter.plugins.firebase.firestoreexample"
        }
      },
      "oauth_client": [
        {
          "client_id": "297855924061-n8i063j2dib6goh5or4lrctg6sccpevi.apps.googleusercontent.com",
          "client_type": 1,
          "android_info": {
            "package_name": "io.flutter.plugins.firebase.firestoreexample",
            "certificate_hash": "a8fc78a37cd4f0471580936de67a2cb2ae4657c7"
          }
        },
        {
          "client_id": "297855924061-f68m5v860ms5faiotn5mv9f50cmpacdq.apps.googleusercontent.com",
          "client_type": 3
        }
      ],
      "api_key": [
        {
          "current_key": "AIzaSyD_shO5mfO9lhy2TVWhfo1VUmARKlG4suk"
        }
      ],
      "services": {
        "analytics_service": {
          "status": 1
        },
        "appinvite_service": {
          "status": 2,
          "other_platform_oauth_client": [
            {
              "client_id": "297855924061-f68m5v860ms5faiotn5mv9f50cmpacdq.apps.googleusercontent.com",
              "client_type": 3
            },
            {
              "client_id": "297855924061-kb5qcr80u5irm12sbkppfts5shui45rv.apps.googleusercontent.com",
              "client_type": 2,
              "ios_info": {
                "bundle_id": "io.flutter.plugins.firebase.functions.firebaseFunctionsExample"
              }
            }
          ]
        },
        "ads_service": {
          "status": 2
        }
      }
    },
    {
      "client_info": {
        "mobilesdk_app_id": "1:297855924061:android:db912bec12847bd9",
        "android_client_info": {
          "package_name": "io.flutter.plugins.firebase_database_example"
        }
      },
      "oauth_client": [
        {
          "client_id": "297855924061-fbg7lp8bvtbibn2edns7d5fc3k0fhsa3.apps.googleusercontent.com",
          "client_type": 1,
          "android_info": {
            "package_name": "io.flutter.plugins.firebase_database_example",
            "certificate_hash": "c3adef7e7773e40e777d5c236dbba7461cbea5f0"
          }
        },
        {
          "client_id": "297855924061-f68m5v860ms5faiotn5mv9f50cmpacdq.apps.googleusercontent.com",
          "client_type": 3
        }
      ],
      "api_key": [
        {
          "current_key": "AIzaSyD_shO5mfO9lhy2TVWhfo1VUmARKlG4suk"
        }
      ],
      "services": {
        "analytics_service": {
          "status": 1
        },
        "appinvite_service": {
          "status": 2,
          "other_platform_oauth_client": [
            {
              "client_id": "297855924061-f68m5v860ms5faiotn5mv9f50cmpacdq.apps.googleusercontent.com",
              "client_type": 3
            },
            {
              "client_id": "297855924061-kb5qcr80u5irm12sbkppfts5shui45rv.apps.googleusercontent.com",
              "client_type": 2,
              "ios_info": {
                "bundle_id": "io.flutter.plugins.firebase.functions.firebaseFunctionsExample"
              }
            }
          ]
        },
        "ads_service": {
          "status": 2
        }
      }
    },
    {
      "client_info": {
        "mobilesdk_app_id": "1:297855924061:android:92efa9a0df6f077f",
        "android_client_info": {
          "package_name": "io.flutter.plugins.firebase_storage_example"
        }
      },
      "oauth_client": [
        {
          "client_id": "297855924061-f68m5v860ms5faiotn5mv9f50cmpacdq.apps.googleusercontent.com",
          "client_type": 3
        }
      ],
      "api_key": [
        {
          "current_key": "AIzaSyD_shO5mfO9lhy2TVWhfo1VUmARKlG4suk"
        }
      ],
      "services": {
        "analytics_service": {
          "status": 1
        },
        "appinvite_service": {
          "status": 1,
          "other_platform_oauth_client": []
        },
        "ads_service": {
          "status": 2
        }
      }
    }
  ],
  "configuration_version": "1"
}