{
  "project_info": {
    "project_number": "395789065833",
    "firebase_url": "https://admob-test-66963.firebaseio.com",
    "project_id": "admob-test-66963",
    "storage_bucket": "admob-test-66963.appspot.com"
  },
  "client": [
    {
      "client_info": {
        "mobilesdk_app_id": "1:395789065833:android:cf455c18665bfb73",
        "android_client_info": {
          "package_name": "com.yourcompany.ads"
        }
      },
      "oauth_client": [
        {
          "client_id": "395789065833-72h13sj0ba0alalnijd26ni8q19d7s27.apps.googleusercontent.com",
          "client_type": 1,
          "android_info": {
            "package_name": "com.yourcompany.ads",
            "certificate_hash": "266da292ae1273cd3bedde8f7e5d82080234d46f"
          }
        },
        {
          "client_id": "395789065833-soebkshopimb9sbsugdqeohjcrqc1h5v.apps.googleusercontent.com",
          "client_type": 3
        }
      ],
      "api_key": [
        {
          "current_key": "AIzaSyAckYXawYez8b74iXfGVM7OBowoqjhiZ38"
        }
      ],
      "services": {
        "analytics_service": {
          "status": 1
        },
        "appinvite_service": {
          "status": 2,
          "other_platform_oauth_client": [
            {
              "client_id": "395789065833-soebkshopimb9sbsugdqeohjcrqc1h5v.apps.googleusercontent.com",
              "client_type": 3
            }
          ]
        },
        "ads_service": {
          "status": 2
        }
      }
    },
    {
      "client_info": {
        "mobilesdk_app_id": "1:395789065833:android:d848e43bc35ca200",
        "android_client_info": {
          "package_name": "io.flutter.plugins.firebaseadmobexample"
        }
      },
      "oauth_client": [
        {
          "client_id": "395789065833-jo1lkael0e4be0r2o2tan6qm3khfr6rs.apps.googleusercontent.com",
          "client_type": 1,
          "android_info": {
            "package_name": "io.flutter.plugins.firebaseadmobexample",
            "certificate_hash": "266da292ae1273cd3bedde8f7e5d82080234d46f"
          }
        },
        {
          "client_id": "395789065833-soebkshopimb9sbsugdqeohjcrqc1h5v.apps.googleusercontent.com",
          "client_type": 3
        }
      ],
      "api_key": [
        {
          "current_key": "AIzaSyAckYXawYez8b74iXfGVM7OBowoqjhiZ38"
        }
      ],
      "services": {
        "analytics_service": {
          "status": 1
        },
        "appinvite_service": {
          "status": 2,
          "other_platform_oauth_client": [
            {
              "client_id": "395789065833-soebkshopimb9sbsugdqeohjcrqc1h5v.apps.googleusercontent.com",
              "client_type": 3
            }
          ]
        },
        "ads_service": {
          "status": 2
        }
      }
    }
  ],
  "configuration_version": "1"
}