{
  "project_info": {
    "project_number": "469543255310",
    "firebase_url": "https://flutter-plugins-alarmmanager.firebaseio.com",
    "project_id": "flutter-plugins-alarmmanager",
    "storage_bucket": "flutter-plugins-alarmmanager.appspot.com"
  },
  "client": [
    {
      "client_info": {
        "mobilesdk_app_id": "1:469543255310:android:b691665129a4b343",
        "android_client_info": {
          "package_name": "io.flutter.plugins.androidalarmmanagerexample"
        }
      },
      "oauth_client": [
        {
          "client_id": "469543255310-eb57hpmenljlgej9urc8k3iju63a70ig.apps.googleusercontent.com",
          "client_type": 1,
          "android_info": {
            "package_name": "io.flutter.plugins.androidalarmmanagerexample",
            "certificate_hash": "f8323ac5fe6e7adc1ddc5612e16b5d04d7f1358b"
          }
        },
        {
          "client_id": "469543255310-39gq6cjl6h84529omissps5v81la963c.apps.googleusercontent.com",
          "client_type": 3
        }
      ],
      "api_key": [
        {
          "current_key": "AIzaSyAXOxEfOptvOfvaRhdXeoUe-KmVDYtc72M"
        }
      ],
      "services": {
        "analytics_service": {
          "status": 1
        },
        "appinvite_service": {
          "status": 2,
          "other_platform_oauth_client": [
            {
              "client_id": "469543255310-39gq6cjl6h84529omissps5v81la963c.apps.googleusercontent.com",
              "client_type": 3
            }
          ]
        },
        "ads_service": {
          "status": 2
        }
      }
    }
  ],
  "configuration_version": "1"
}